Clause_ID,Clause_Type,Mandatory,State,Product,Version,Expiration_Date
CL0001,Emergency,Y,FL,POS,4,2027-05-30
CL0002,Appeals,N,FL,POS,1,2027-01-28
CL0003,Behavioral Health,Y,IL,POS,1,2026-11-12
CL0004,Network,Y,TX,HMO,5,2026-03-17
CL0005,Emergency,N,CT,HMO,4,2027-08-22
CL0006,Pediatric Care,N,NJ,HMO,1,2026-09-27
CL0007,Privacy,Y,FL,POS,1,2026-08-13
CL0008,Emergency,Y,NJ,HMO,4,2027-06-14
CL0009,Behavioral Health,N,FL,POS,3,2026-04-23
CL0010,Network,Y,CT,PPO,1,2026-09-08
CL0011,Appeals,Y,PA,POS,2,2026-08-21
CL0012,Behavioral Health,Y,MA,EPO,4,2027-12-15
CL0013,Behavioral Health,Y,PA,HMO,1,2026-03-24
CL0014,Privacy,N,FL,HMO,5,2026-05-05
CL0015,Prescription,N,OH,EPO,2,2026-06-24
CL0016,Network,Y,MA,POS,1,2026-03-10
CL0017,Telehealth,Y,MA,PPO,2,2026-02-16
CL0018,Behavioral Health,Y,NJ,EPO,2,2026-09-13
CL0019,Prescription,Y,TX,EPO,3,2027-12-28
CL0020,Telehealth,N,NJ,POS,2,2026-01-30
CL0021,Network,Y,NJ,HMO,3,2026-10-08
CL0022,Mental Health,Y,OH,POS,4,2026-08-25
CL0023,Pediatric Care,Y,PA,EPO,3,2026-09-05
CL0024,Prescription,Y,PA,EPO,5,2027-01-03
CL0025,Women's Health,Y,CA,HMO,1,2027-05-10
CL0026,Mental Health,N,FL,HMO,4,2026-01-25
CL0027,Pediatric Care,Y,OH,HMO,4,2027-08-09
CL0028,Privacy,N,CA,POS,5,2027-12-19
CL0029,Emergency,Y,CT,HMO,3,2027-05-05
CL0030,Appeals,Y,FL,EPO,1,2027-05-09
CL0031,Women's Health,Y,FL,EPO,3,2026-11-10
CL0032,Privacy,N,IL,PPO,2,2027-08-29
CL0033,Network,N,IL,POS,3,2027-01-10
CL0034,Privacy,Y,NY,PPO,4,2027-10-01
CL0035,Emergency,Y,NY,EPO,1,2026-01-25
CL0036,Network,N,NJ,PPO,3,2026-11-30
CL0037,Women's Health,Y,CT,EPO,1,2026-12-21
CL0038,Emergency,Y,MA,PPO,1,2026-04-26
CL0039,Telehealth,N,MA,HMO,2,2026-02-17
CL0040,Appeals,Y,IL,PPO,2,2026-04-09
CL0041,Women's Health,Y,IL,HMO,4,2027-04-04
CL0042,Telehealth,Y,IL,HMO,5,2027-06-07
CL0043,Pediatric Care,Y,OH,POS,1,2027-08-20
CL0044,Women's Health,Y,TX,HMO,5,2027-02-09
CL0045,Pediatric Care,N,NY,HMO,4,2026-08-02
CL0046,Network,Y,OH,PPO,1,2027-11-16
CL0047,Telehealth,Y,PA,EPO,1,2027-05-18
CL0048,Appeals,Y,MA,POS,5,2027-12-22
CL0049,Emergency,Y,FL,HMO,3,2027-03-24
CL0050,Behavioral Health,N,NY,POS,2,2027-07-30
CL0051,Privacy,Y,CA,PPO,3,2026-09-15
CL0052,Mental Health,Y,PA,HMO,5,2026-05-01
CL0053,Appeals,N,NY,PPO,2,2026-02-23
CL0054,Telehealth,Y,OH,POS,3,2026-11-27
CL0055,Behavioral Health,Y,CT,PPO,2,2026-08-29
CL0056,Appeals,Y,FL,POS,1,2027-06-14
CL0057,Telehealth,Y,NY,PPO,3,2027-04-28
CL0058,Prescription,Y,TX,POS,2,2026-07-06
CL0059,Prescription,Y,IL,EPO,2,2027-10-18
CL0060,Pediatric Care,N,IL,PPO,2,2026-09-19
CL0061,Appeals,Y,FL,PPO,3,2026-12-30
CL0062,Prescription,Y,OH,EPO,4,2027-05-06
CL0063,Telehealth,Y,IL,EPO,3,2027-03-07
CL0064,Pediatric Care,Y,NY,PPO,5,2026-08-27
CL0065,Telehealth,N,CA,EPO,3,2026-10-31
CL0066,Pediatric Care,Y,MA,HMO,2,2026-10-25
CL0067,Appeals,Y,MA,POS,1,2026-03-17
CL0068,Behavioral Health,N,PA,POS,3,2027-12-01
CL0069,Emergency,Y,NJ,POS,3,2026-11-29
CL0070,Women's Health,Y,CT,HMO,2,2027-10-04
CL0071,Behavioral Health,Y,FL,EPO,1,2027-04-19
CL0072,Network,Y,PA,EPO,1,2026-10-10
CL0073,Telehealth,N,NJ,PPO,5,2027-08-14
CL0074,Network,Y,OH,EPO,3,2026-03-13
CL0075,Behavioral Health,Y,TX,PPO,1,2026-09-20
CL0076,Pediatric Care,Y,TX,HMO,1,2027-12-04
CL0077,Women's Health,N,CT,POS,4,2027-07-29
CL0078,Women's Health,Y,IL,POS,4,2026-01-12
CL0079,Mental Health,N,NY,POS,1,2026-05-21
CL0080,Women's Health,Y,PA,EPO,5,2027-07-09
CL0081,Emergency,N,PA,PPO,1,2026-01-17
CL0082,Women's Health,N,FL,PPO,2,2026-03-04
CL0083,Behavioral Health,N,FL,HMO,3,2026-09-10
CL0084,Mental Health,N,TX,EPO,5,2027-04-10
CL0085,Behavioral Health,Y,TX,HMO,2,2027-01-11
CL0086,Behavioral Health,Y,CA,PPO,5,2027-06-04
CL0087,Privacy,Y,CA,PPO,2,2026-03-31
CL0088,Mental Health,Y,IL,POS,3,2027-12-21
CL0089,Behavioral Health,Y,CA,EPO,3,2027-09-22
CL0090,Privacy,Y,NY,PPO,4,2026-06-24
CL0091,Privacy,Y,NY,POS,2,2026-03-17
CL0092,Mental Health,Y,PA,EPO,4,2027-09-05
CL0093,Network,N,MA,HMO,2,2027-10-25
CL0094,Pediatric Care,Y,NY,EPO,4,2027-02-04
CL0095,Emergency,N,NJ,EPO,3,2026-03-12
CL0096,Pediatric Care,N,TX,PPO,5,2026-06-29
CL0097,Women's Health,N,FL,PPO,4,2026-05-04
CL0098,Emergency,Y,CA,EPO,2,2027-01-16
CL0099,Women's Health,N,PA,PPO,2,2026-10-20
CL0100,Behavioral Health,N,CT,PPO,3,2026-07-14
CL0101,Telehealth,N,FL,PPO,2,2026-08-16
CL0102,Mental Health,Y,NJ,POS,1,2027-03-07
CL0103,Emergency,Y,CA,POS,5,2027-03-12
CL0104,Emergency,Y,NJ,EPO,4,2027-04-06
CL0105,Behavioral Health,Y,TX,PPO,5,2027-09-10
CL0106,Network,Y,TX,POS,3,2026-01-21
CL0107,Privacy,N,IL,EPO,4,2026-03-05
CL0108,Behavioral Health,N,PA,PPO,4,2026-06-14
CL0109,Prescription,Y,FL,HMO,1,2026-01-27
CL0110,Privacy,N,OH,PPO,3,2026-11-07
CL0111,Mental Health,Y,OH,PPO,2,2026-10-12
CL0112,Privacy,N,FL,POS,1,2027-10-22
CL0113,Network,N,CT,EPO,1,2026-10-08
CL0114,Privacy,Y,PA,EPO,5,2026-06-13
CL0115,Mental Health,Y,NJ,POS,5,2026-08-12
CL0116,Network,N,CT,PPO,5,2026-05-26
CL0117,Pediatric Care,Y,MA,HMO,1,2026-01-30
CL0118,Emergency,Y,FL,PPO,2,2026-02-14
CL0119,Emergency,N,NJ,PPO,4,2027-04-16
CL0120,Women's Health,Y,OH,HMO,5,2026-02-03
CL0121,Pediatric Care,N,NY,POS,2,2027-10-15
CL0122,Pediatric Care,Y,IL,EPO,3,2027-03-03
CL0123,Privacy,N,OH,POS,5,2026-08-09
CL0124,Emergency,Y,PA,POS,4,2027-06-18
CL0125,Mental Health,N,TX,PPO,3,2027-11-23
CL0126,Appeals,N,NY,EPO,3,2027-01-02
CL0127,Appeals,Y,IL,EPO,4,2027-07-04
CL0128,Network,Y,IL,POS,5,2027-08-05
CL0129,Emergency,N,MA,HMO,1,2026-04-26
CL0130,Emergency,Y,MA,POS,4,2026-08-27
CL0131,Appeals,Y,CA,HMO,4,2026-12-01
CL0132,Emergency,Y,OH,EPO,4,2027-03-17
CL0133,Privacy,Y,OH,POS,3,2026-05-28
CL0134,Prescription,N,OH,PPO,2,2026-01-09
CL0135,Telehealth,Y,CA,POS,1,2026-10-15
CL0136,Pediatric Care,Y,CT,EPO,5,2027-01-23
CL0137,Women's Health,Y,IL,PPO,5,2026-02-19
CL0138,Network,Y,NY,PPO,2,2027-06-01
CL0139,Prescription,Y,PA,HMO,4,2027-09-30
CL0140,Appeals,Y,IL,PPO,1,2027-08-10
CL0141,Pediatric Care,N,MA,PPO,5,2027-11-08
CL0142,Emergency,Y,NJ,POS,5,2026-10-05
CL0143,Women's Health,Y,TX,EPO,4,2026-10-27
CL0144,Emergency,N,CA,HMO,2,2027-08-12
CL0145,Mental Health,Y,FL,POS,1,2027-10-11
CL0146,Mental Health,N,NJ,PPO,2,2027-09-10
CL0147,Women's Health,Y,PA,PPO,2,2027-08-30
CL0148,Women's Health,Y,OH,HMO,1,2026-05-15
CL0149,Appeals,Y,MA,EPO,1,2027-08-03
CL0150,Women's Health,Y,MA,HMO,5,2026-05-27
CL0151,Privacy,N,MA,POS,5,2027-05-05
CL0152,Emergency,Y,OH,HMO,1,2027-04-23
CL0153,Prescription,Y,FL,PPO,3,2026-06-08
CL0154,Behavioral Health,Y,CA,POS,5,2027-01-19
CL0155,Women's Health,Y,NJ,PPO,3,2026-06-12
CL0156,Network,N,OH,EPO,1,2027-03-17
CL0157,Mental Health,Y,PA,PPO,5,2026-07-08
CL0158,Privacy,Y,CA,PPO,2,2027-02-19
CL0159,Pediatric Care,Y,PA,HMO,1,2026-12-05
CL0160,Behavioral Health,Y,CA,PPO,4,2027-08-30
CL0161,Prescription,N,FL,POS,3,2026-06-30
CL0162,Behavioral Health,Y,TX,POS,1,2026-10-15
CL0163,Women's Health,N,PA,EPO,1,2026-07-06
CL0164,Appeals,Y,OH,POS,5,2026-05-18
CL0165,Mental Health,Y,CA,HMO,5,2026-05-10
CL0166,Mental Health,N,MA,EPO,5,2026-07-13
CL0167,Pediatric Care,Y,IL,POS,4,2026-11-12
CL0168,Appeals,Y,MA,HMO,5,2026-05-24
CL0169,Emergency,N,CT,POS,1,2026-01-16
CL0170,Telehealth,Y,TX,POS,5,2026-10-29
CL0171,Privacy,N,TX,PPO,2,2027-02-27
CL0172,Mental Health,Y,MA,POS,5,2026-09-02
CL0173,Network,N,NJ,POS,4,2026-04-17
CL0174,Mental Health,N,FL,HMO,2,2026-03-29
CL0175,Behavioral Health,Y,PA,HMO,1,2026-05-09
CL0176,Mental Health,N,OH,PPO,1,2026-12-07
CL0177,Mental Health,Y,TX,POS,3,2026-01-04
CL0178,Telehealth,N,MA,PPO,2,2026-11-23
CL0179,Telehealth,Y,MA,POS,3,2027-02-14
CL0180,Prescription,Y,FL,EPO,2,2026-11-02
CL0181,Emergency,Y,FL,EPO,2,2027-08-30
CL0182,Network,Y,NY,PPO,4,2027-12-22
CL0183,Mental Health,Y,NY,PPO,3,2026-08-13
CL0184,Mental Health,N,NJ,PPO,4,2026-12-14
CL0185,Privacy,N,NJ,HMO,2,2026-11-17
CL0186,Telehealth,N,CT,HMO,1,2027-07-13
CL0187,Network,Y,NJ,HMO,2,2026-06-30
CL0188,Pediatric Care,Y,CA,PPO,4,2027-09-10
CL0189,Prescription,Y,FL,POS,3,2027-12-12
CL0190,Emergency,Y,OH,EPO,3,2027-01-21
CL0191,Appeals,Y,CA,PPO,4,2027-09-10
CL0192,Emergency,Y,PA,HMO,3,2026-04-18
CL0193,Behavioral Health,N,MA,HMO,5,2027-06-15
CL0194,Mental Health,Y,NJ,PPO,1,2027-02-14
CL0195,Prescription,Y,MA,PPO,1,2026-10-23
CL0196,Behavioral Health,Y,TX,HMO,1,2026-06-20
CL0197,Network,Y,CT,POS,3,2026-11-27
CL0198,Appeals,Y,TX,HMO,3,2027-05-08
CL0199,Telehealth,N,CT,HMO,2,2026-07-14
CL0200,Prescription,Y,NY,PPO,2,2026-01-12
CL0201,Prescription,Y,MA,POS,1,2026-07-14
CL0202,Mental Health,Y,CT,HMO,5,2027-05-05
CL0203,Women's Health,N,IL,HMO,2,2026-07-01
CL0204,Prescription,N,CA,EPO,2,2027-10-18
CL0205,Privacy,N,CT,PPO,3,2026-11-12
CL0206,Appeals,Y,CT,EPO,5,2027-11-25
CL0207,Appeals,Y,CA,EPO,1,2026-01-30
CL0208,Privacy,Y,MA,HMO,2,2027-08-19
CL0209,Pediatric Care,N,MA,PPO,5,2027-11-09
CL0210,Privacy,N,CA,POS,5,2026-04-06
CL0211,Privacy,Y,TX,HMO,1,2027-01-16
CL0212,Appeals,N,IL,POS,5,2027-03-20
CL0213,Emergency,N,OH,POS,5,2026-10-25
CL0214,Appeals,Y,PA,PPO,5,2026-12-27
CL0215,Women's Health,N,IL,EPO,2,2027-01-09
CL0216,Mental Health,N,MA,PPO,1,2027-07-08
CL0217,Behavioral Health,Y,OH,POS,5,2026-10-30
CL0218,Emergency,Y,NY,HMO,5,2027-02-25
CL0219,Telehealth,Y,NJ,POS,2,2026-09-03
CL0220,Behavioral Health,Y,CT,HMO,1,2027-12-21
CL0221,Mental Health,Y,CA,HMO,3,2026-08-25
CL0222,Women's Health,Y,CA,PPO,2,2027-06-18
CL0223,Women's Health,N,CT,POS,1,2026-07-04
CL0224,Telehealth,Y,NJ,EPO,5,2027-04-13
CL0225,Emergency,Y,PA,POS,1,2026-12-29
CL0226,Pediatric Care,Y,NJ,POS,1,2026-10-10
CL0227,Privacy,Y,OH,EPO,1,2027-07-07
CL0228,Emergency,N,NJ,PPO,3,2026-12-02
CL0229,Pediatric Care,Y,OH,POS,1,2026-06-11
CL0230,Women's Health,Y,NJ,POS,3,2026-06-09
CL0231,Appeals,Y,PA,HMO,5,2027-04-19
CL0232,Mental Health,N,PA,POS,3,2027-08-24
CL0233,Telehealth,N,MA,EPO,5,2026-11-18
CL0234,Mental Health,Y,CT,HMO,5,2026-01-12
CL0235,Network,Y,PA,PPO,3,2027-02-28
CL0236,Network,Y,OH,HMO,2,2026-03-14
CL0237,Emergency,Y,PA,EPO,4,2027-08-11
CL0238,Women's Health,Y,MA,EPO,1,2026-07-20
CL0239,Women's Health,Y,CA,HMO,4,2027-06-06
CL0240,Privacy,Y,OH,PPO,1,2027-05-20
CL0241,Privacy,Y,MA,HMO,1,2027-11-19
CL0242,Privacy,N,TX,PPO,5,2026-02-08
CL0243,Appeals,Y,TX,HMO,1,2026-03-01
CL0244,Behavioral Health,Y,NY,EPO,1,2027-08-01
CL0245,Prescription,Y,NJ,POS,3,2026-11-17
CL0246,Behavioral Health,Y,CT,POS,4,2027-03-11
CL0247,Mental Health,N,FL,PPO,3,2027-09-28
CL0248,Behavioral Health,Y,IL,PPO,1,2027-11-07
CL0249,Appeals,Y,MA,PPO,5,2027-02-12
CL0250,Mental Health,N,CA,EPO,3,2027-01-21
CL0251,Behavioral Health,Y,IL,HMO,3,2027-11-02
CL0252,Appeals,Y,CA,EPO,2,2027-07-23
CL0253,Prescription,N,IL,POS,1,2026-03-19
CL0254,Behavioral Health,Y,MA,PPO,5,2026-07-13
CL0255,Appeals,Y,FL,HMO,3,2026-10-12
CL0256,Privacy,N,IL,POS,3,2027-06-11
CL0257,Women's Health,Y,MA,POS,5,2027-06-08
CL0258,Privacy,Y,PA,POS,1,2027-09-05
CL0259,Women's Health,Y,FL,EPO,2,2026-06-05
CL0260,Telehealth,N,OH,PPO,3,2026-12-06
CL0261,Telehealth,Y,CA,POS,2,2026-05-05
CL0262,Telehealth,Y,TX,PPO,4,2026-10-07
CL0263,Prescription,Y,NJ,EPO,1,2027-09-14
CL0264,Privacy,Y,TX,POS,4,2027-10-20
CL0265,Women's Health,Y,FL,EPO,4,2027-12-29
CL0266,Appeals,Y,OH,EPO,4,2027-11-05
CL0267,Mental Health,Y,CA,PPO,1,2026-05-08
CL0268,Appeals,Y,OH,POS,1,2026-11-10
CL0269,Mental Health,Y,IL,EPO,5,2026-11-28
CL0270,Network,Y,CA,POS,2,2026-05-30
CL0271,Appeals,Y,IL,PPO,2,2027-03-30
CL0272,Behavioral Health,Y,MA,EPO,5,2026-02-05
CL0273,Behavioral Health,N,FL,PPO,5,2027-11-16
CL0274,Emergency,Y,MA,POS,4,2027-02-24
CL0275,Privacy,Y,NY,POS,5,2026-01-22
CL0276,Mental Health,Y,OH,PPO,3,2026-07-25
CL0277,Mental Health,N,IL,HMO,2,2027-10-01
CL0278,Privacy,N,PA,EPO,5,2026-12-22
CL0279,Prescription,Y,MA,POS,3,2027-03-16
CL0280,Emergency,Y,NY,POS,3,2027-12-30
CL0281,Prescription,N,CT,EPO,3,2026-04-06
CL0282,Prescription,Y,TX,PPO,3,2026-06-13
CL0283,Prescription,Y,CA,PPO,4,2026-05-28
CL0284,Privacy,Y,NY,PPO,3,2027-06-14
CL0285,Prescription,Y,FL,HMO,4,2026-10-21
CL0286,Behavioral Health,N,MA,HMO,4,2026-07-14
CL0287,Telehealth,N,FL,POS,3,2027-10-25
CL0288,Network,Y,TX,PPO,2,2027-04-25
CL0289,Mental Health,Y,PA,EPO,3,2026-05-03
CL0290,Mental Health,N,OH,POS,3,2027-02-04
CL0291,Network,N,OH,EPO,3,2027-11-30
CL0292,Privacy,Y,FL,POS,2,2027-03-28
CL0293,Appeals,N,IL,HMO,1,2027-10-23
CL0294,Privacy,N,PA,POS,1,2026-04-14
CL0295,Mental Health,N,OH,HMO,4,2027-04-07
CL0296,Mental Health,Y,PA,POS,4,2027-12-19
CL0297,Network,Y,NY,PPO,2,2027-12-11
CL0298,Prescription,N,PA,EPO,5,2027-01-31
CL0299,Privacy,Y,NJ,PPO,1,2026-12-03
CL0300,Women's Health,N,TX,POS,4,2027-08-22
CL0301,Network,Y,OH,POS,1,2026-05-22
CL0302,Behavioral Health,Y,PA,POS,2,2026-11-13
CL0303,Mental Health,Y,FL,HMO,2,2027-12-12
CL0304,Network,Y,CT,EPO,5,2027-07-12
CL0305,Privacy,N,NJ,EPO,5,2027-06-11
CL0306,Mental Health,N,NJ,POS,2,2027-07-10
CL0307,Appeals,N,IL,POS,4,2027-02-05
CL0308,Network,Y,PA,HMO,1,2027-11-12
CL0309,Emergency,Y,IL,PPO,3,2026-11-06
CL0310,Mental Health,Y,IL,PPO,5,2027-05-10
CL0311,Privacy,Y,CT,EPO,3,2027-07-10
CL0312,Telehealth,Y,NY,HMO,4,2027-09-02
CL0313,Women's Health,Y,PA,POS,5,2026-04-19
CL0314,Pediatric Care,Y,MA,EPO,3,2027-01-07
CL0315,Prescription,Y,OH,HMO,4,2027-09-08
CL0316,Pediatric Care,N,IL,PPO,1,2026-07-25
CL0317,Privacy,N,TX,HMO,4,2026-02-12
CL0318,Behavioral Health,Y,CA,PPO,5,2026-09-02
CL0319,Behavioral Health,Y,TX,HMO,2,2026-10-14
CL0320,Telehealth,N,CT,EPO,1,2026-12-21
CL0321,Prescription,Y,CT,PPO,3,2027-04-21
CL0322,Emergency,N,FL,EPO,5,2026-03-24
CL0323,Telehealth,N,NY,EPO,2,2026-04-20
CL0324,Pediatric Care,Y,OH,PPO,4,2026-07-09
CL0325,Telehealth,Y,IL,PPO,2,2026-09-08
CL0326,Pediatric Care,Y,TX,POS,5,2027-12-25
CL0327,Mental Health,Y,CA,POS,5,2026-10-18
CL0328,Behavioral Health,Y,CT,POS,2,2027-10-07
CL0329,Mental Health,N,CT,EPO,4,2026-07-20
CL0330,Women's Health,Y,NY,EPO,2,2026-11-22
CL0331,Prescription,Y,CA,POS,5,2027-05-26
CL0332,Emergency,N,CA,EPO,5,2027-02-13
CL0333,Pediatric Care,N,NY,EPO,3,2027-08-30
CL0334,Emergency,Y,CT,PPO,3,2027-05-23
CL0335,Pediatric Care,Y,OH,PPO,1,2027-08-24
CL0336,Privacy,Y,PA,EPO,5,2026-03-13
CL0337,Telehealth,Y,PA,POS,3,2026-09-04
CL0338,Women's Health,Y,NY,HMO,2,2027-10-03
CL0339,Behavioral Health,Y,CA,POS,4,2027-12-25
CL0340,Pediatric Care,N,IL,HMO,2,2027-08-31
CL0341,Emergency,Y,NY,POS,4,2027-08-10
CL0342,Women's Health,N,OH,PPO,3,2027-07-20
CL0343,Appeals,N,NY,EPO,1,2026-12-10
CL0344,Appeals,Y,NJ,EPO,2,2026-02-23
CL0345,Mental Health,N,TX,PPO,2,2027-12-31
CL0346,Behavioral Health,Y,CA,HMO,2,2027-06-12
CL0347,Privacy,N,FL,HMO,4,2027-09-03
CL0348,Emergency,Y,FL,HMO,3,2027-06-16
CL0349,Telehealth,Y,CA,PPO,2,2027-07-12
CL0350,Telehealth,Y,OH,HMO,2,2026-07-12
CL0351,Emergency,N,NJ,PPO,1,2026-02-27
CL0352,Prescription,N,NJ,POS,1,2027-03-13
CL0353,Privacy,Y,CT,POS,3,2026-04-21
CL0354,Women's Health,N,TX,PPO,3,2026-05-09
CL0355,Pediatric Care,Y,PA,EPO,5,2027-12-07
CL0356,Prescription,Y,MA,POS,1,2026-11-22
CL0357,Pediatric Care,Y,OH,HMO,5,2026-01-08
CL0358,Pediatric Care,Y,MA,PPO,4,2026-01-29
CL0359,Prescription,Y,MA,HMO,5,2026-04-22
CL0360,Mental Health,N,CA,HMO,2,2027-11-04
CL0361,Appeals,Y,FL,EPO,5,2026-05-11
CL0362,Pediatric Care,Y,FL,HMO,3,2026-07-07
CL0363,Prescription,Y,PA,EPO,4,2027-11-06
CL0364,Prescription,N,CA,POS,2,2027-12-10
CL0365,Network,N,MA,PPO,5,2027-04-20
CL0366,Mental Health,Y,IL,HMO,4,2026-12-30
CL0367,Behavioral Health,N,FL,PPO,4,2026-07-23
CL0368,Network,Y,OH,HMO,2,2026-07-31
CL0369,Network,N,OH,PPO,5,2027-09-13
CL0370,Emergency,Y,CT,HMO,4,2026-10-03
CL0371,Appeals,N,NY,HMO,4,2026-03-14
CL0372,Prescription,Y,IL,HMO,1,2027-11-10
CL0373,Appeals,Y,FL,HMO,4,2026-08-31
CL0374,Privacy,N,NJ,HMO,1,2026-04-12
CL0375,Emergency,Y,FL,HMO,5,2027-11-16
CL0376,Behavioral Health,Y,CT,HMO,5,2026-06-20
CL0377,Appeals,Y,OH,HMO,5,2027-10-15
CL0378,Telehealth,Y,MA,HMO,3,2026-07-07
CL0379,Pediatric Care,Y,NJ,PPO,5,2027-03-17
CL0380,Privacy,Y,CA,EPO,4,2026-03-27
CL0381,Mental Health,Y,TX,HMO,2,2027-04-21
CL0382,Behavioral Health,Y,MA,EPO,1,2026-02-21
CL0383,Privacy,N,TX,HMO,3,2026-04-21
CL0384,Pediatric Care,Y,IL,HMO,5,2026-02-12
CL0385,Emergency,Y,NY,PPO,5,2026-07-30
CL0386,Pediatric Care,Y,NJ,POS,2,2026-07-19
CL0387,Network,Y,PA,POS,2,2027-09-19
CL0388,Pediatric Care,N,NJ,PPO,3,2026-01-26
CL0389,Network,Y,FL,EPO,1,2026-10-26
CL0390,Emergency,Y,OH,POS,5,2026-03-18
CL0391,Women's Health,N,FL,PPO,3,2026-05-17
CL0392,Network,N,FL,PPO,4,2026-01-20
CL0393,Mental Health,Y,IL,POS,4,2027-03-16
CL0394,Pediatric Care,N,MA,EPO,3,2026-07-30
CL0395,Pediatric Care,N,PA,PPO,5,2027-07-05
CL0396,Mental Health,Y,PA,HMO,3,2027-03-11
CL0397,Telehealth,N,FL,EPO,5,2026-07-26
CL0398,Prescription,N,TX,EPO,2,2027-03-15
CL0399,Women's Health,Y,IL,POS,3,2027-10-28
CL0400,Behavioral Health,Y,FL,POS,5,2026-02-11
CL0401,Network,Y,NY,HMO,3,2027-02-15
CL0402,Mental Health,N,OH,PPO,3,2027-06-07
CL0403,Emergency,N,MA,POS,5,2027-09-02
CL0404,Network,Y,CA,POS,5,2027-03-03
CL0405,Prescription,Y,NY,EPO,1,2026-10-02
CL0406,Emergency,Y,TX,POS,3,2027-03-24
CL0407,Privacy,Y,NJ,POS,4,2027-01-04
CL0408,Pediatric Care,Y,NJ,POS,3,2026-08-08
CL0409,Privacy,Y,NY,POS,3,2027-07-31
CL0410,Network,N,FL,EPO,5,2026-08-20
CL0411,Prescription,Y,CA,HMO,3,2026-11-24
CL0412,Women's Health,N,CT,HMO,3,2027-03-19
CL0413,Network,Y,CT,PPO,4,2026-02-21
CL0414,Mental Health,Y,TX,POS,5,2027-01-11
CL0415,Appeals,Y,FL,EPO,3,2026-09-20
CL0416,Network,Y,PA,PPO,2,2026-09-24
CL0417,Pediatric Care,N,PA,PPO,1,2026-12-25
CL0418,Pediatric Care,Y,MA,HMO,4,2026-11-13
CL0419,Network,N,CA,EPO,3,2026-11-20
CL0420,Emergency,Y,CA,EPO,2,2027-10-28
CL0421,Appeals,N,NJ,EPO,3,2027-10-14
CL0422,Mental Health,Y,IL,HMO,3,2027-07-17
CL0423,Network,N,TX,HMO,5,2027-09-21
CL0424,Emergency,N,CT,HMO,5,2027-02-25
CL0425,Pediatric Care,Y,TX,HMO,5,2026-02-15
CL0426,Pediatric Care,Y,PA,HMO,2,2027-08-23
CL0427,Prescription,N,PA,POS,3,2027-12-21
CL0428,Network,N,NY,POS,1,2026-09-26
CL0429,Appeals,Y,MA,EPO,4,2027-08-24
CL0430,Telehealth,N,CA,PPO,5,2027-01-16
CL0431,Appeals,N,OH,EPO,5,2026-04-28
CL0432,Pediatric Care,N,TX,PPO,3,2027-07-20
CL0433,Pediatric Care,N,PA,HMO,3,2026-04-26
CL0434,Privacy,N,IL,PPO,2,2027-09-22
CL0435,Pediatric Care,Y,NJ,EPO,2,2026-09-17
CL0436,Mental Health,Y,CT,EPO,5,2026-03-16
CL0437,Behavioral Health,Y,MA,PPO,3,2027-04-25
CL0438,Network,N,IL,POS,1,2026-11-01
CL0439,Appeals,N,MA,HMO,4,2026-01-07
CL0440,Behavioral Health,Y,NY,HMO,3,2027-01-01
CL0441,Emergency,N,OH,EPO,3,2027-09-26
CL0442,Telehealth,N,PA,POS,2,2027-06-07
CL0443,Mental Health,Y,NJ,PPO,4,2026-12-14
CL0444,Appeals,Y,IL,HMO,5,2027-03-14
CL0445,Behavioral Health,Y,MA,POS,3,2026-08-03
CL0446,Telehealth,Y,CA,HMO,5,2027-03-05
CL0447,Privacy,Y,NY,POS,3,2027-05-13
CL0448,Mental Health,Y,CA,POS,5,2027-06-24
CL0449,Mental Health,Y,NJ,EPO,4,2027-01-02
CL0450,Privacy,Y,IL,HMO,2,2026-11-09
CL0451,Network,Y,NY,PPO,4,2027-06-22
CL0452,Privacy,Y,IL,EPO,1,2026-02-23
CL0453,Mental Health,N,PA,EPO,2,2027-06-25
CL0454,Mental Health,Y,FL,PPO,4,2027-04-12
CL0455,Behavioral Health,N,NY,EPO,1,2026-06-13
CL0456,Pediatric Care,N,CA,POS,3,2026-11-30
CL0457,Telehealth,Y,NJ,POS,3,2027-07-01
CL0458,Privacy,Y,OH,HMO,5,2026-12-14
CL0459,Telehealth,Y,PA,HMO,2,2026-09-30
CL0460,Privacy,Y,FL,PPO,3,2027-12-21
CL0461,Emergency,Y,OH,HMO,2,2027-02-18
CL0462,Mental Health,Y,CT,POS,3,2027-05-15
CL0463,Pediatric Care,Y,PA,PPO,5,2026-04-03
CL0464,Behavioral Health,Y,NJ,PPO,4,2027-11-16
CL0465,Pediatric Care,Y,MA,HMO,5,2026-03-20
CL0466,Pediatric Care,Y,NY,POS,1,2027-09-14
CL0467,Pediatric Care,Y,IL,PPO,3,2026-08-05
CL0468,Telehealth,Y,NJ,POS,1,2026-12-24
CL0469,Privacy,Y,NY,POS,1,2027-09-10
CL0470,Women's Health,N,OH,POS,2,2027-05-22
CL0471,Emergency,Y,IL,HMO,3,2027-07-13
CL0472,Appeals,Y,TX,EPO,1,2026-06-30
CL0473,Pediatric Care,Y,CA,EPO,4,2027-07-30
CL0474,Network,Y,CT,PPO,1,2026-09-03
CL0475,Telehealth,N,PA,POS,4,2026-09-01
CL0476,Behavioral Health,N,NJ,HMO,2,2027-05-21
CL0477,Appeals,Y,CT,POS,1,2027-02-26
CL0478,Women's Health,N,MA,POS,5,2026-11-16
CL0479,Network,N,NY,HMO,2,2026-03-28
CL0480,Women's Health,N,NY,EPO,4,2026-08-05
CL0481,Appeals,N,NJ,POS,2,2027-05-05
CL0482,Pediatric Care,N,FL,POS,1,2027-06-03
CL0483,Network,Y,FL,EPO,3,2026-10-05
CL0484,Women's Health,Y,TX,HMO,3,2027-12-23
CL0485,Behavioral Health,Y,CA,PPO,4,2026-06-18
CL0486,Privacy,Y,IL,EPO,4,2026-11-26
CL0487,Mental Health,Y,MA,PPO,3,2027-10-12
CL0488,Privacy,Y,CT,PPO,4,2027-03-17
CL0489,Appeals,Y,FL,EPO,2,2027-01-26
CL0490,Telehealth,N,TX,POS,5,2027-05-11
CL0491,Mental Health,N,TX,PPO,5,2027-01-16
CL0492,Emergency,Y,NJ,PPO,2,2026-11-02
CL0493,Behavioral Health,Y,MA,HMO,5,2027-11-04
CL0494,Emergency,N,OH,POS,1,2027-05-28
CL0495,Network,Y,IL,PPO,2,2026-07-07
CL0496,Mental Health,N,CA,HMO,4,2027-05-31
CL0497,Emergency,Y,PA,POS,2,2027-10-06
CL0498,Emergency,Y,NJ,EPO,3,2027-03-03
CL0499,Women's Health,N,IL,EPO,4,2027-05-17
CL0500,Privacy,Y,PA,HMO,3,2027-12-31
CL0501,Women's Health,Y,PA,EPO,4,2026-09-17
CL0502,Mental Health,N,MA,PPO,5,2027-05-28
CL0503,Mental Health,Y,MA,POS,2,2026-03-12
CL0504,Appeals,Y,CT,PPO,1,2027-04-23
CL0505,Women's Health,N,TX,PPO,4,2026-06-27
CL0506,Prescription,Y,IL,EPO,4,2027-04-02
CL0507,Privacy,N,NJ,PPO,3,2026-07-08
CL0508,Mental Health,Y,NY,EPO,5,2026-10-18
CL0509,Appeals,Y,NJ,POS,3,2027-06-04
CL0510,Women's Health,Y,CT,POS,3,2026-10-19
CL0511,Privacy,Y,CA,PPO,5,2027-09-27
CL0512,Women's Health,N,TX,HMO,1,2026-10-10
CL0513,Emergency,N,NY,EPO,3,2027-06-28
CL0514,Appeals,Y,FL,EPO,3,2027-01-12
CL0515,Privacy,N,CA,PPO,4,2027-10-20
CL0516,Pediatric Care,Y,MA,EPO,5,2026-06-05
CL0517,Network,Y,PA,EPO,2,2027-05-23
CL0518,Network,Y,FL,HMO,1,2027-02-17
CL0519,Privacy,Y,NJ,HMO,1,2027-06-12
CL0520,Women's Health,Y,NJ,PPO,5,2026-12-21
CL0521,Appeals,N,MA,HMO,4,2027-07-13
CL0522,Network,Y,CT,PPO,4,2026-07-06
CL0523,Appeals,Y,IL,POS,5,2026-01-31
CL0524,Network,Y,FL,PPO,4,2026-09-17
CL0525,Emergency,Y,FL,POS,1,2027-02-25
CL0526,Women's Health,N,OH,PPO,1,2027-06-13
CL0527,Emergency,Y,CA,EPO,2,2027-07-05
CL0528,Network,Y,TX,HMO,5,2026-10-31
CL0529,Pediatric Care,Y,CA,POS,3,2026-02-08
CL0530,Pediatric Care,Y,IL,PPO,3,2027-05-04
CL0531,Emergency,Y,NJ,HMO,2,2027-10-06
CL0532,Pediatric Care,Y,NJ,PPO,2,2027-06-26
CL0533,Network,N,NJ,HMO,4,2027-11-01
CL0534,Privacy,N,OH,HMO,2,2026-10-05
CL0535,Emergency,Y,NJ,PPO,2,2026-07-22
CL0536,Telehealth,Y,IL,POS,3,2026-03-07
CL0537,Women's Health,Y,MA,POS,4,2026-04-18
CL0538,Pediatric Care,Y,TX,EPO,2,2026-09-25
CL0539,Pediatric Care,Y,IL,HMO,2,2026-08-10
CL0540,Mental Health,Y,TX,EPO,4,2027-06-14
CL0541,Prescription,Y,IL,EPO,5,2026-03-31
CL0542,Emergency,Y,NJ,PPO,4,2027-11-24
CL0543,Behavioral Health,Y,MA,PPO,3,2026-09-12
CL0544,Pediatric Care,Y,FL,PPO,5,2027-03-31
CL0545,Women's Health,Y,CA,HMO,1,2026-09-10
CL0546,Telehealth,Y,PA,PPO,4,2026-09-14
CL0547,Pediatric Care,Y,MA,PPO,3,2027-01-18
CL0548,Telehealth,N,FL,HMO,5,2027-03-18
CL0549,Network,Y,CT,HMO,4,2027-08-22
CL0550,Network,N,IL,POS,2,2026-03-31
CL0551,Prescription,Y,CT,PPO,4,2027-01-25
CL0552,Privacy,N,FL,PPO,1,2027-08-05
CL0553,Behavioral Health,Y,MA,PPO,4,2026-02-13
CL0554,Mental Health,N,IL,POS,5,2027-12-13
CL0555,Prescription,N,PA,PPO,5,2027-10-26
CL0556,Appeals,Y,NJ,POS,4,2027-08-21
CL0557,Mental Health,Y,IL,EPO,5,2026-01-19
CL0558,Emergency,Y,IL,POS,2,2026-04-11
CL0559,Women's Health,Y,MA,EPO,4,2027-08-30
CL0560,Appeals,Y,MA,PPO,2,2026-12-23
CL0561,Appeals,Y,FL,EPO,2,2027-06-26
CL0562,Prescription,Y,NY,POS,3,2026-02-02
CL0563,Privacy,Y,IL,HMO,4,2026-08-17
CL0564,Prescription,N,CA,EPO,5,2027-06-08
CL0565,Emergency,Y,IL,EPO,2,2027-09-22
CL0566,Pediatric Care,N,FL,PPO,3,2026-06-04
CL0567,Pediatric Care,Y,TX,POS,4,2027-02-27
CL0568,Privacy,Y,CT,EPO,4,2026-09-03
CL0569,Emergency,Y,NJ,EPO,1,2027-02-09
CL0570,Privacy,Y,NY,EPO,1,2027-06-25
CL0571,Telehealth,N,PA,EPO,2,2026-06-10
CL0572,Pediatric Care,Y,PA,HMO,1,2027-12-03
CL0573,Appeals,N,PA,POS,2,2026-04-27
CL0574,Behavioral Health,Y,MA,PPO,5,2026-09-28
CL0575,Women's Health,Y,PA,PPO,2,2027-11-23
CL0576,Emergency,Y,NJ,HMO,1,2027-05-02
CL0577,Mental Health,Y,CT,POS,5,2026-06-21
CL0578,Privacy,Y,PA,EPO,1,2026-10-01
CL0579,Women's Health,Y,IL,HMO,2,2026-09-16
CL0580,Mental Health,Y,IL,POS,3,2026-05-15
CL0581,Women's Health,Y,MA,EPO,4,2027-11-14
CL0582,Behavioral Health,Y,NJ,HMO,1,2027-12-23
CL0583,Mental Health,Y,CT,POS,2,2027-02-26
CL0584,Prescription,Y,NY,PPO,5,2027-02-25
CL0585,Network,Y,FL,PPO,1,2026-07-05
CL0586,Prescription,Y,CT,POS,1,2026-12-30
CL0587,Pediatric Care,Y,FL,PPO,4,2027-08-30
CL0588,Network,Y,TX,POS,2,2027-01-13
CL0589,Prescription,Y,FL,EPO,3,2027-06-07
CL0590,Network,Y,CA,POS,5,2027-08-03
CL0591,Network,N,IL,EPO,2,2027-12-23
CL0592,Appeals,Y,NJ,HMO,5,2026-07-15
CL0593,Privacy,Y,OH,POS,1,2026-04-08
CL0594,Privacy,Y,MA,HMO,4,2027-08-28
CL0595,Appeals,Y,CA,PPO,4,2026-01-22
CL0596,Women's Health,Y,FL,EPO,3,2027-03-26
CL0597,Telehealth,Y,PA,POS,4,2026-06-21
CL0598,Women's Health,N,NJ,HMO,1,2027-01-18
CL0599,Mental Health,Y,CA,EPO,3,2026-05-14
CL0600,Mental Health,Y,MA,EPO,2,2027-03-02
CL0601,Network,Y,IL,PPO,4,2026-01-25
CL0602,Prescription,Y,NJ,PPO,3,2027-05-18
CL0603,Prescription,Y,MA,EPO,1,2026-07-04
CL0604,Privacy,Y,TX,EPO,5,2026-03-26
CL0605,Emergency,Y,TX,POS,5,2027-07-21
CL0606,Women's Health,N,MA,EPO,1,2026-05-24
CL0607,Pediatric Care,Y,CA,POS,1,2027-11-10
CL0608,Behavioral Health,Y,NJ,EPO,5,2027-02-16
CL0609,Prescription,Y,CA,PPO,3,2026-08-12
CL0610,Behavioral Health,Y,NY,POS,5,2026-08-08
CL0611,Network,Y,FL,HMO,1,2026-06-28
CL0612,Behavioral Health,Y,NY,PPO,4,2027-09-23
CL0613,Pediatric Care,N,TX,POS,2,2027-03-09
CL0614,Appeals,N,IL,POS,4,2026-09-22
CL0615,Pediatric Care,Y,CT,HMO,4,2027-03-05
CL0616,Behavioral Health,N,FL,POS,1,2027-10-24
CL0617,Pediatric Care,Y,TX,EPO,5,2027-02-20
CL0618,Telehealth,Y,CA,HMO,3,2027-03-29
CL0619,Network,Y,CA,PPO,4,2027-12-28
CL0620,Women's Health,N,CA,PPO,5,2026-07-16
CL0621,Appeals,Y,IL,EPO,3,2027-07-08
CL0622,Prescription,Y,NY,PPO,4,2026-02-22
CL0623,Mental Health,Y,CT,POS,3,2027-04-25
CL0624,Women's Health,Y,CA,POS,5,2027-03-19
CL0625,Mental Health,Y,OH,EPO,2,2026-11-26
CL0626,Network,Y,FL,PPO,5,2026-09-08
CL0627,Appeals,Y,NJ,PPO,1,2026-05-03
CL0628,Privacy,Y,OH,EPO,3,2027-01-22
CL0629,Prescription,Y,CT,HMO,2,2026-12-05
CL0630,Telehealth,Y,IL,PPO,3,2026-12-14
CL0631,Privacy,Y,CT,HMO,3,2026-01-29
CL0632,Network,Y,NJ,PPO,4,2026-02-04
CL0633,Women's Health,Y,FL,PPO,1,2027-06-02
CL0634,Telehealth,Y,NJ,PPO,3,2027-01-31
CL0635,Pediatric Care,Y,MA,PPO,5,2027-09-15
CL0636,Behavioral Health,N,FL,POS,5,2026-10-21
CL0637,Telehealth,Y,CT,HMO,4,2027-08-12
CL0638,Network,Y,CA,HMO,1,2026-12-15
CL0639,Emergency,Y,CT,PPO,1,2026-05-27
CL0640,Behavioral Health,Y,CT,PPO,5,2026-03-08
CL0641,Mental Health,Y,FL,HMO,2,2027-06-04
CL0642,Prescription,Y,MA,POS,4,2026-05-02
CL0643,Mental Health,Y,CT,EPO,4,2026-12-06
CL0644,Telehealth,Y,OH,EPO,5,2026-06-24
CL0645,Mental Health,N,TX,HMO,5,2027-11-22
CL0646,Network,N,PA,PPO,2,2027-08-20
CL0647,Pediatric Care,Y,PA,PPO,2,2027-03-27
CL0648,Women's Health,Y,CT,POS,1,2027-07-11
CL0649,Prescription,N,OH,EPO,4,2026-05-16
CL0650,Mental Health,Y,CA,POS,4,2026-01-16
CL0651,Mental Health,Y,IL,EPO,5,2026-11-29
CL0652,Telehealth,N,IL,HMO,1,2026-07-14
CL0653,Women's Health,Y,FL,EPO,4,2027-05-11
CL0654,Privacy,Y,PA,POS,1,2026-01-09
CL0655,Mental Health,N,CT,POS,1,2026-11-30
CL0656,Network,Y,IL,POS,5,2026-11-29
CL0657,Emergency,Y,CT,HMO,1,2026-11-23
CL0658,Prescription,Y,FL,EPO,2,2026-01-15
CL0659,Mental Health,N,PA,EPO,2,2027-09-06
CL0660,Network,N,NJ,POS,3,2026-08-14
CL0661,Network,N,TX,EPO,5,2027-03-01
CL0662,Prescription,Y,TX,PPO,3,2027-02-12
CL0663,Privacy,N,IL,PPO,2,2026-04-23
CL0664,Network,N,TX,PPO,3,2027-03-04
CL0665,Emergency,Y,NJ,EPO,5,2026-01-01
CL0666,Network,N,CT,HMO,5,2026-09-23
CL0667,Network,N,FL,HMO,1,2027-05-06
CL0668,Network,Y,NJ,HMO,4,2026-07-27
CL0669,Pediatric Care,Y,FL,HMO,1,2027-09-14
CL0670,Pediatric Care,Y,FL,PPO,5,2027-12-13
CL0671,Privacy,Y,PA,PPO,2,2027-01-04
CL0672,Mental Health,Y,CT,POS,2,2026-11-02
CL0673,Network,Y,OH,EPO,1,2026-01-12
CL0674,Women's Health,N,TX,EPO,5,2026-12-11
CL0675,Mental Health,N,OH,HMO,2,2027-04-10
CL0676,Privacy,N,PA,PPO,5,2027-12-01
CL0677,Appeals,Y,FL,HMO,2,2027-10-28
CL0678,Mental Health,Y,IL,POS,5,2027-05-09
CL0679,Mental Health,Y,TX,EPO,3,2027-01-03
CL0680,Behavioral Health,Y,TX,EPO,5,2027-02-24
CL0681,Telehealth,N,CT,HMO,5,2026-06-20
CL0682,Behavioral Health,N,MA,POS,1,2026-05-14
CL0683,Emergency,Y,NY,EPO,3,2027-03-03
CL0684,Pediatric Care,N,NY,POS,4,2026-01-25
CL0685,Pediatric Care,N,NY,POS,1,2027-06-14
CL0686,Telehealth,Y,MA,HMO,4,2026-07-09
CL0687,Prescription,N,CT,PPO,2,2026-05-21
CL0688,Prescription,Y,MA,HMO,4,2027-07-09
CL0689,Privacy,Y,NY,PPO,5,2027-10-20
CL0690,Telehealth,Y,PA,POS,4,2026-11-11
CL0691,Mental Health,Y,NJ,PPO,1,2027-03-20
CL0692,Prescription,Y,FL,POS,1,2026-11-15
CL0693,Network,Y,MA,EPO,4,2027-03-17
CL0694,Women's Health,Y,CT,EPO,1,2026-04-02
CL0695,Mental Health,Y,CT,EPO,1,2026-06-28
CL0696,Emergency,Y,OH,HMO,4,2026-02-25
CL0697,Network,Y,NJ,HMO,3,2026-06-04
CL0698,Network,Y,IL,POS,3,2027-11-03
CL0699,Telehealth,Y,TX,EPO,2,2026-04-21
CL0700,Privacy,Y,NY,HMO,1,2026-05-17
CL0701,Emergency,Y,IL,EPO,4,2026-08-20
CL0702,Prescription,Y,OH,HMO,1,2027-04-13
CL0703,Telehealth,Y,NY,PPO,5,2027-04-26
CL0704,Prescription,N,NJ,PPO,1,2026-03-09
CL0705,Telehealth,Y,OH,EPO,1,2026-09-06
CL0706,Telehealth,Y,NY,POS,3,2026-11-19
CL0707,Telehealth,N,NJ,HMO,4,2027-06-02
CL0708,Privacy,N,CA,HMO,1,2027-03-08
CL0709,Telehealth,N,IL,PPO,3,2027-05-02
CL0710,Appeals,N,IL,PPO,2,2027-08-29
CL0711,Women's Health,Y,TX,POS,3,2027-03-05
CL0712,Prescription,Y,NJ,POS,3,2026-09-26
CL0713,Mental Health,Y,MA,POS,3,2027-12-10
CL0714,Behavioral Health,Y,CA,EPO,1,2027-06-21
CL0715,Emergency,Y,PA,PPO,1,2026-05-28
CL0716,Pediatric Care,Y,NY,EPO,2,2026-04-28
CL0717,Privacy,Y,CA,PPO,5,2027-01-02
CL0718,Mental Health,N,NJ,PPO,5,2026-03-07
CL0719,Network,N,FL,HMO,5,2027-01-05
CL0720,Appeals,Y,NY,PPO,2,2026-06-24
CL0721,Pediatric Care,N,CT,PPO,5,2027-08-11
CL0722,Behavioral Health,Y,IL,EPO,5,2027-05-10
CL0723,Mental Health,N,NJ,PPO,3,2026-04-24
CL0724,Pediatric Care,Y,CT,EPO,1,2026-04-21
CL0725,Mental Health,N,TX,POS,1,2027-03-15
CL0726,Appeals,Y,OH,PPO,3,2027-12-16
CL0727,Behavioral Health,Y,PA,PPO,3,2026-05-27
CL0728,Network,Y,PA,EPO,3,2026-02-04
CL0729,Telehealth,Y,CT,POS,1,2026-11-05
CL0730,Prescription,Y,IL,HMO,5,2027-06-22
CL0731,Network,Y,TX,POS,3,2026-01-14
CL0732,Telehealth,Y,FL,EPO,2,2027-01-09
CL0733,Privacy,Y,IL,POS,3,2027-07-11
CL0734,Women's Health,Y,CA,EPO,4,2027-03-04
CL0735,Emergency,N,PA,EPO,3,2027-12-29
CL0736,Emergency,Y,CA,HMO,1,2026-08-21
CL0737,Prescription,Y,NY,PPO,3,2027-12-06
CL0738,Behavioral Health,Y,MA,EPO,4,2027-07-17
CL0739,Appeals,N,NJ,EPO,2,2027-12-27
CL0740,Behavioral Health,Y,TX,HMO,5,2027-10-25
CL0741,Appeals,N,IL,EPO,3,2027-03-16
CL0742,Behavioral Health,N,PA,PPO,4,2027-05-17
CL0743,Women's Health,Y,CA,HMO,4,2026-10-02
CL0744,Privacy,Y,OH,PPO,2,2026-03-17
CL0745,Privacy,N,NY,PPO,1,2027-03-15
CL0746,Telehealth,N,NJ,HMO,3,2027-11-30
CL0747,Pediatric Care,Y,NJ,EPO,4,2026-10-16
CL0748,Privacy,Y,IL,PPO,2,2027-06-24
CL0749,Privacy,N,TX,PPO,5,2027-11-23
CL0750,Network,Y,FL,PPO,4,2026-09-10
CL0751,Network,N,OH,PPO,2,2026-05-06
CL0752,Telehealth,Y,IL,HMO,1,2026-06-26
CL0753,Pediatric Care,Y,CA,HMO,1,2026-02-06
CL0754,Prescription,N,MA,POS,4,2027-02-14
CL0755,Network,Y,CT,POS,4,2027-09-03
CL0756,Prescription,Y,FL,PPO,3,2027-09-02
CL0757,Mental Health,Y,TX,EPO,2,2026-05-07
CL0758,Network,Y,NY,PPO,4,2027-04-28
CL0759,Women's Health,Y,FL,EPO,3,2026-06-17
CL0760,Pediatric Care,Y,PA,PPO,3,2027-08-15
CL0761,Telehealth,Y,TX,POS,4,2026-10-21
CL0762,Mental Health,N,MA,POS,1,2027-09-30
CL0763,Pediatric Care,Y,PA,EPO,2,2026-12-09
CL0764,Women's Health,Y,FL,PPO,2,2026-11-06
CL0765,Pediatric Care,Y,CT,EPO,1,2027-10-24
CL0766,Women's Health,N,CT,POS,4,2027-06-12
CL0767,Women's Health,N,MA,PPO,2,2027-06-24
CL0768,Prescription,Y,NJ,PPO,4,2027-02-23
CL0769,Behavioral Health,Y,OH,EPO,4,2027-03-20
CL0770,Mental Health,Y,NY,HMO,3,2027-11-16
CL0771,Pediatric Care,N,NJ,EPO,1,2027-07-12
CL0772,Appeals,N,CT,POS,4,2026-08-24
CL0773,Mental Health,Y,CT,POS,5,2027-03-15
CL0774,Behavioral Health,N,CA,POS,1,2026-08-02
CL0775,Mental Health,N,PA,POS,2,2026-03-26
CL0776,Privacy,Y,FL,POS,3,2026-03-26
CL0777,Appeals,Y,NY,HMO,2,2027-05-04
CL0778,Behavioral Health,Y,MA,PPO,2,2026-03-06
CL0779,Prescription,Y,FL,EPO,1,2027-10-08
CL0780,Pediatric Care,N,CA,EPO,2,2027-10-25
CL0781,Emergency,Y,CT,POS,4,2027-09-19
CL0782,Behavioral Health,Y,MA,EPO,2,2026-03-05
CL0783,Telehealth,Y,CT,POS,3,2026-12-09
CL0784,Pediatric Care,Y,NY,HMO,3,2026-12-18
CL0785,Behavioral Health,Y,PA,HMO,5,2026-06-07
CL0786,Privacy,Y,FL,PPO,3,2027-08-12
CL0787,Emergency,Y,FL,HMO,2,2027-05-06
CL0788,Privacy,Y,NJ,HMO,3,2027-10-20
CL0789,Emergency,Y,MA,PPO,1,2027-04-08
CL0790,Telehealth,Y,OH,EPO,3,2026-08-13
CL0791,Pediatric Care,Y,CA,POS,4,2026-11-09
CL0792,Prescription,Y,OH,POS,1,2027-09-07
CL0793,Privacy,Y,NJ,EPO,5,2027-04-11
CL0794,Privacy,Y,NY,PPO,4,2026-03-29
CL0795,Women's Health,Y,CA,EPO,2,2026-10-30
CL0796,Emergency,Y,PA,HMO,2,2027-11-11
CL0797,Network,N,OH,PPO,2,2027-03-11
CL0798,Pediatric Care,Y,PA,PPO,4,2027-11-13
CL0799,Emergency,Y,OH,PPO,4,2026-05-15
CL0800,Women's Health,N,PA,POS,4,2026-02-19
CL0801,Mental Health,Y,OH,EPO,1,2027-03-08
CL0802,Emergency,Y,PA,PPO,1,2026-12-06
CL0803,Prescription,N,NJ,PPO,2,2026-12-13
CL0804,Pediatric Care,N,TX,PPO,3,2027-10-08
CL0805,Women's Health,Y,CA,EPO,2,2026-12-13
CL0806,Mental Health,Y,MA,POS,5,2027-10-11
CL0807,Appeals,Y,NY,HMO,1,2026-09-02
CL0808,Women's Health,Y,IL,POS,4,2026-04-19
CL0809,Appeals,Y,CT,PPO,1,2027-06-17
CL0810,Pediatric Care,Y,MA,POS,4,2026-03-31
CL0811,Privacy,Y,CT,POS,5,2026-10-23
CL0812,Women's Health,Y,CA,HMO,5,2026-04-22
CL0813,Telehealth,N,MA,EPO,1,2027-08-12
CL0814,Appeals,Y,PA,EPO,4,2026-06-26
CL0815,Prescription,Y,PA,POS,5,2026-12-09
CL0816,Telehealth,Y,IL,POS,2,2027-10-22
CL0817,Behavioral Health,Y,CT,EPO,2,2026-04-11
CL0818,Behavioral Health,Y,NY,EPO,4,2027-09-21
CL0819,Mental Health,Y,CA,HMO,1,2027-08-27
CL0820,Privacy,Y,PA,PPO,5,2027-02-05
CL0821,Pediatric Care,Y,TX,POS,1,2026-01-28
CL0822,Women's Health,Y,NJ,EPO,2,2027-06-21
CL0823,Network,Y,NJ,POS,5,2026-02-27
CL0824,Prescription,Y,OH,POS,1,2027-05-13
CL0825,Appeals,Y,NY,EPO,3,2026-10-24
CL0826,Pediatric Care,N,NJ,HMO,4,2026-05-14
CL0827,Telehealth,Y,OH,POS,4,2026-11-27
CL0828,Behavioral Health,Y,CT,HMO,3,2026-09-06
CL0829,Prescription,Y,PA,EPO,2,2027-07-04
CL0830,Network,Y,PA,PPO,5,2026-03-16
CL0831,Women's Health,N,TX,PPO,4,2027-10-16
CL0832,Mental Health,Y,MA,POS,3,2026-06-17
CL0833,Network,N,NJ,EPO,3,2027-05-18
CL0834,Prescription,Y,CT,HMO,2,2026-12-21
CL0835,Network,Y,FL,POS,2,2026-08-13
CL0836,Prescription,Y,NJ,EPO,1,2027-10-26
CL0837,Prescription,N,NY,EPO,4,2027-06-15
CL0838,Emergency,Y,MA,HMO,1,2026-05-26
CL0839,Appeals,Y,NJ,POS,3,2026-08-29
CL0840,Behavioral Health,N,CT,EPO,5,2026-12-10
CL0841,Emergency,Y,NJ,EPO,5,2026-02-04
CL0842,Women's Health,Y,NY,EPO,2,2027-12-03
CL0843,Emergency,Y,FL,HMO,5,2026-01-01
CL0844,Privacy,N,CA,POS,5,2026-06-02
CL0845,Privacy,Y,IL,POS,5,2027-03-05
CL0846,Behavioral Health,N,FL,POS,3,2027-05-23
CL0847,Network,N,OH,POS,5,2026-05-06
CL0848,Appeals,Y,NJ,PPO,5,2027-05-06
CL0849,Behavioral Health,Y,PA,PPO,5,2027-04-27
CL0850,Prescription,Y,TX,POS,1,2026-12-11
CL0851,Telehealth,Y,PA,HMO,3,2026-08-09
CL0852,Appeals,N,FL,PPO,2,2027-12-24
CL0853,Appeals,N,PA,EPO,1,2026-01-25
CL0854,Prescription,Y,CT,PPO,4,2027-06-12
CL0855,Prescription,Y,PA,EPO,3,2026-07-01
CL0856,Mental Health,Y,MA,POS,3,2027-05-14
CL0857,Behavioral Health,Y,CA,PPO,4,2027-10-03
CL0858,Prescription,Y,NJ,HMO,4,2026-02-11
CL0859,Privacy,Y,PA,PPO,4,2027-04-26
CL0860,Women's Health,Y,NY,PPO,2,2027-03-15
CL0861,Telehealth,Y,CA,PPO,5,2027-02-06
CL0862,Behavioral Health,Y,CA,POS,3,2027-06-30
CL0863,Pediatric Care,Y,PA,HMO,5,2026-12-11
CL0864,Privacy,Y,CA,PPO,5,2026-02-14
CL0865,Network,N,TX,HMO,4,2027-10-08
CL0866,Prescription,Y,PA,POS,2,2026-01-21
CL0867,Pediatric Care,N,CT,EPO,1,2027-09-26
CL0868,Prescription,N,FL,PPO,2,2026-03-11
CL0869,Appeals,Y,MA,HMO,5,2026-02-17
CL0870,Privacy,N,IL,HMO,2,2027-05-06
CL0871,Appeals,Y,OH,POS,4,2027-07-05
CL0872,Mental Health,Y,CA,PPO,1,2026-10-14
CL0873,Appeals,Y,CT,EPO,4,2026-01-10
CL0874,Mental Health,Y,NJ,HMO,1,2027-06-26
CL0875,Mental Health,Y,NJ,PPO,5,2026-10-01
CL0876,Pediatric Care,Y,OH,EPO,1,2027-08-23
CL0877,Prescription,Y,MA,HMO,1,2027-01-16
CL0878,Network,Y,CA,HMO,1,2026-11-25
CL0879,Appeals,Y,TX,EPO,2,2027-04-24
CL0880,Privacy,N,OH,EPO,2,2026-01-15
CL0881,Mental Health,Y,MA,POS,5,2027-05-31
CL0882,Prescription,Y,CA,PPO,1,2026-07-10
CL0883,Telehealth,N,CT,PPO,3,2026-06-17
CL0884,Behavioral Health,Y,FL,POS,5,2027-06-05
CL0885,Pediatric Care,Y,TX,HMO,1,2027-09-13
CL0886,Network,Y,IL,EPO,1,2026-05-17
CL0887,Emergency,Y,NJ,EPO,2,2026-06-03
CL0888,Pediatric Care,N,NY,EPO,5,2027-01-23
CL0889,Telehealth,Y,CT,HMO,1,2026-07-28
CL0890,Behavioral Health,N,NJ,EPO,1,2026-09-29
CL0891,Telehealth,Y,PA,EPO,5,2026-05-23
CL0892,Appeals,Y,NY,POS,3,2027-09-03
CL0893,Mental Health,Y,NJ,HMO,5,2026-03-10
CL0894,Network,Y,MA,PPO,5,2026-09-04
CL0895,Women's Health,Y,TX,POS,3,2026-09-18
CL0896,Mental Health,N,NJ,POS,5,2026-03-20
CL0897,Women's Health,N,IL,PPO,1,2027-10-20
CL0898,Behavioral Health,Y,FL,POS,5,2027-09-15
CL0899,Prescription,N,MA,HMO,3,2027-08-28
CL0900,Emergency,N,CT,EPO,4,2027-06-09
CL0901,Privacy,Y,CT,HMO,5,2027-09-13
CL0902,Mental Health,Y,CT,PPO,2,2026-11-26
CL0903,Network,Y,CT,PPO,1,2026-07-08
CL0904,Telehealth,Y,FL,POS,1,2026-04-05
CL0905,Network,Y,NJ,HMO,2,2027-09-09
CL0906,Behavioral Health,Y,CA,HMO,2,2026-01-08
CL0907,Women's Health,N,NJ,PPO,5,2026-03-08
CL0908,Telehealth,Y,PA,HMO,2,2027-05-11
CL0909,Privacy,Y,TX,PPO,4,2026-07-10
CL0910,Privacy,N,NY,HMO,3,2027-01-01
CL0911,Mental Health,N,CA,HMO,2,2027-06-05
CL0912,Behavioral Health,Y,CA,HMO,2,2026-04-27
CL0913,Prescription,N,NJ,PPO,4,2026-09-24
CL0914,Behavioral Health,Y,CA,POS,1,2027-09-03
CL0915,Women's Health,Y,OH,HMO,1,2027-04-30
CL0916,Network,Y,OH,PPO,5,2027-05-24
CL0917,Privacy,Y,PA,PPO,4,2026-10-25
CL0918,Network,Y,NY,HMO,3,2026-06-13
CL0919,Network,Y,IL,HMO,3,2027-01-11
CL0920,Network,Y,FL,POS,4,2027-10-15
CL0921,Privacy,Y,NJ,PPO,3,2026-09-25
CL0922,Pediatric Care,Y,FL,PPO,1,2027-07-03
CL0923,Appeals,N,IL,EPO,3,2026-03-15
CL0924,Women's Health,Y,NJ,PPO,3,2027-05-23
CL0925,Pediatric Care,Y,NJ,POS,4,2026-03-14
CL0926,Women's Health,Y,NY,EPO,4,2026-11-04
CL0927,Telehealth,Y,FL,EPO,3,2026-07-18
CL0928,Behavioral Health,Y,OH,EPO,2,2026-05-10
CL0929,Behavioral Health,N,CT,HMO,4,2027-07-26
CL0930,Emergency,Y,FL,HMO,5,2027-09-07
CL0931,Behavioral Health,Y,TX,PPO,5,2027-05-02
CL0932,Privacy,Y,TX,EPO,1,2026-05-31
CL0933,Prescription,Y,NJ,POS,3,2027-10-31
CL0934,Mental Health,Y,CT,HMO,2,2026-07-25
CL0935,Emergency,Y,MA,POS,1,2026-06-28
CL0936,Mental Health,Y,IL,POS,3,2026-07-16
CL0937,Women's Health,Y,PA,HMO,4,2026-03-30
CL0938,Mental Health,Y,CT,HMO,5,2027-03-10
CL0939,Mental Health,Y,PA,HMO,2,2026-07-02
CL0940,Emergency,N,FL,HMO,5,2026-07-28
CL0941,Telehealth,N,FL,EPO,4,2027-05-08
CL0942,Network,N,PA,EPO,3,2026-05-10
CL0943,Behavioral Health,Y,IL,EPO,4,2027-10-27
CL0944,Behavioral Health,Y,CT,EPO,4,2026-01-13
CL0945,Privacy,Y,MA,PPO,5,2027-09-26
CL0946,Emergency,Y,NJ,EPO,2,2026-04-16
CL0947,Privacy,Y,NY,HMO,4,2027-01-10
CL0948,Prescription,Y,FL,POS,5,2027-08-05
CL0949,Prescription,Y,TX,EPO,2,2027-12-08
CL0950,Privacy,N,IL,PPO,3,2027-11-29
CL0951,Emergency,Y,NY,HMO,3,2026-04-09
CL0952,Privacy,Y,MA,POS,1,2027-08-17
CL0953,Behavioral Health,Y,CA,POS,5,2027-08-10
CL0954,Pediatric Care,N,NJ,EPO,2,2026-07-11
CL0955,Appeals,Y,FL,POS,4,2026-11-21
CL0956,Mental Health,Y,NJ,EPO,3,2027-12-27
CL0957,Appeals,Y,NY,EPO,2,2027-04-12
CL0958,Emergency,Y,NJ,HMO,5,2027-01-02
CL0959,Appeals,Y,CA,HMO,1,2026-11-14
CL0960,Prescription,N,NY,PPO,3,2026-05-24
CL0961,Women's Health,Y,FL,HMO,2,2027-01-19
CL0962,Mental Health,Y,CT,HMO,2,2026-08-04
CL0963,Network,Y,TX,EPO,2,2026-12-27
CL0964,Emergency,Y,NY,HMO,5,2026-11-20
CL0965,Mental Health,Y,OH,EPO,5,2026-01-15
CL0966,Appeals,Y,CA,EPO,5,2026-08-05
CL0967,Prescription,Y,NY,HMO,4,2027-05-07
CL0968,Telehealth,Y,NY,PPO,2,2027-07-01
CL0969,Pediatric Care,Y,OH,PPO,3,2026-07-02
CL0970,Network,Y,FL,POS,5,2026-09-27
CL0971,Pediatric Care,Y,NY,POS,5,2027-04-12
CL0972,Mental Health,N,TX,HMO,2,2027-09-04
CL0973,Prescription,Y,NJ,PPO,5,2027-06-03
CL0974,Prescription,Y,FL,EPO,4,2027-06-26
CL0975,Appeals,N,TX,POS,4,2027-04-12
CL0976,Behavioral Health,Y,FL,EPO,5,2026-11-01
CL0977,Appeals,N,TX,POS,2,2026-05-24
CL0978,Behavioral Health,Y,CA,HMO,2,2026-04-21
CL0979,Behavioral Health,N,TX,PPO,2,2026-08-20
CL0980,Network,Y,PA,POS,1,2027-11-22
CL0981,Appeals,Y,TX,PPO,5,2027-08-07
CL0982,Telehealth,Y,CT,EPO,2,2027-12-23
CL0983,Privacy,N,CT,HMO,4,2027-08-15
CL0984,Privacy,N,IL,PPO,3,2027-05-15
CL0985,Appeals,Y,PA,HMO,3,2027-08-18
CL0986,Appeals,Y,PA,PPO,2,2027-07-08
CL0987,Pediatric Care,N,NJ,EPO,3,2026-09-30
CL0988,Network,Y,PA,EPO,3,2027-12-04
CL0989,Appeals,N,NJ,HMO,1,2026-06-22
CL0990,Pediatric Care,N,IL,EPO,4,2026-01-07
CL0991,Behavioral Health,Y,IL,POS,4,2026-06-04
CL0992,Prescription,Y,CA,PPO,1,2027-06-06
CL0993,Prescription,Y,CT,EPO,1,2027-06-30
CL0994,Behavioral Health,Y,TX,POS,3,2027-07-02
CL0995,Emergency,N,TX,HMO,5,2027-06-02
CL0996,Pediatric Care,Y,OH,POS,3,2026-08-03
CL0997,Pediatric Care,N,OH,HMO,1,2026-05-14
CL0998,Behavioral Health,Y,MA,HMO,4,2026-10-12
CL0999,Telehealth,N,FL,PPO,3,2026-05-06
CL1000,Women's Health,Y,CA,PPO,5,2027-03-15
